question,answer,contexts,ground_truths
ما هي الممارسات المثلى لزراعة التوت كما هو موضح في دليل الفلاح؟,"لتحضير الحقل لزراعة توت الأرض كما هو موضح في دليل الفلاح، يجب على الفلاح اتباع الخطوات التالية:

1. **معرفة نوع التربة**: يجب على الفلاح تحديد نوع التربة في حقله، والتأكد من جودتها وخصوبتها لضمان نمو جيد للنباتات.

2. **التعرض الكافي لأشعة الشمس**: يجب اختيار موقع في الحقل يتعرض لأشعة الشمس بشكل كافٍ، لأن التوت يحتاج إلى كمية جيدة من الضوء للنمو.

3. **الصرف الجيد للمياه**: يجب التأكد من أن الحقل لديه نظام صرف جيد للمياه لمنع تجمع المياه الزائدة التي قد تؤدي إلى تعفن الجذور.

4. **نسبة ميلان الحقل**: يجب مراعاة نسبة ميلان الحقل لضمان توزيع متساوي للمياه وتجنب تجمعها في مناطق معينة.

باتباع هذه الخطوات، يمكن للفلاح تحضير حقله بشكل مثالي لزراعة توت الأرض.","['دليل الفلاح\nزراعة توت الأرض' 'دليل الفلاح\nزراعة توت الأرض'
 'دليل الفلاح\nزراعة توت الأرض'
 '11تقنيات زراعة\nتوت الأرضإعداد الحقل\nمن أجل تحديد الخطوات التي سيحتاجها الفلاح لتحضير حقله يجب عليه معرفة و مراعاة \nعدة عوامل من بينها:\n• نوع التربة، جودتها و خصوبتها ؛\n• التعرض الكافي لأشعة الشمس ؛\n• الصرف الجيد للمياه ؛\n• نسبة ميلان الحقل ؛'
 '11تقنيات زراعة\nتوت الأرضإعداد الحقل\nمن أجل تحديد الخطوات التي سيحتاجها الفلاح لتحضير حقله يجب عليه معرفة و مراعاة \nعدة عوامل من بينها:\n• نوع التربة، جودتها و خصوبتها ؛\n• التعرض الكافي لأشعة الشمس ؛\n• الصرف الجيد للمياه ؛\n• نسبة ميلان الحقل ؛']",['وفقًا لدليل الفلاح لزراعة التوت، تشمل الممارسات المثلى اختيار موقع زراعة مناسب يتلقى كمية كافية من أشعة الشمس، وتحضير التربة بشكل جيد عن طريق إضافة السماد العضوي وتحسين تصريف المياه. يجب أيضًا اختيار أصناف التوت المناسبة للمنطقة المناخية، والاهتمام بالري المنتظم دون إغراق النباتات. من المهم أيضًا مراقبة الآفات والأمراض ومعالجتها في وقت مبكر، وتقليم النباتات بانتظام لتعزيز النمو والإنتاجية.']
ما هي أفضل الممارسات الزراعية لزراعة الفراولة الموصى بها في الكتيب الموجود في الصفحة الأولى؟,لا أستطيع الإجابة على هذا السؤال بناءً على السياق المقدم.,"['15تقنيات زراعة توت الأرويبين الجدول أسفله دور و أهمية أهم العناصر التي توفرها الأسمدة.\nالأسمدةأهميتها \nأيا مهم في الفترة بعد الزرع و \nالآزوت\nأحد مكونات البروتينات، وعامل رئيا هو \nمهم في المراحل المبكرة للزراعة لنمو الجذور وكذلك\nأثناء فترة الإزهار.\nا'
 '15تقنيات زراعة توت الأرويبين الجدول أسفله دور و أهمية أهم العناصر التي توفرها الأسمدة.\nالأسمدةأهميتها \nأيا مهم في الفترة بعد الزرع و \nالآزوت\nأحد مكونات البروتينات، وعامل رئيا هو \nمهم في المراحل المبكرة للزراعة لنمو الجذور وكذلك\nأثناء فترة الإزهار.\nا'
 '15تقنيات زراعة توت الأرويبين الجدول أسفله دور و أهمية أهم العناصر التي توفرها الأسمدة.\nالأسمدةأهميتها \nأيا مهم في الفترة بعد الزرع و \nالآزوت\nأحد مكونات البروتينات، وعامل رئيا هو \nمهم في المراحل المبكرة للزراعة لنمو الجذور وكذلك\nأثناء فترة الإزهار.\nا'
 'البرنامج الأمثل للتسميد.\nمراحلها دون إجراء أي تحاليل للتربة، في حين يتبع مزارعون آخرون برنامجا مسلما من معدة مسبقا حول كميات الأسمدة الواجب إضافتها إلى هذه الزراعة في مختلف على اتباع توصيات المختبرات، بينما يتوفر آخرون على برنامج أو روزنامة'
 'البرنامج الأمثل للتسميد.\nمراحلها دون إجراء أي تحاليل للتربة، في حين يتبع مزارعون آخرون برنامجا مسلما من معدة مسبقا حول كميات الأسمدة الواجب إضافتها إلى هذه الزراعة في مختلف على اتباع توصيات المختبرات، بينما يتوفر آخرون على برنامج أو روزنامة']",['أفضل الممارسات الزراعية لزراعة الفراولة الموصى بها في الكتيب الموجود في الصفحة الأولى تشمل اختيار التربة المناسبة التي تكون جيدة التصريف وغنية بالمواد العضوية، واختيار الأصناف المناسبة للمنطقة المناخية، والري المنتظم دون إغراق النباتات، واستخدام الأسمدة العضوية والكيميائية بشكل متوازن، ومكافحة الآفات والأمراض بطرق بيولوجية وكيميائية عند الضرورة.']
ما هي أفضل الممارسات لزراعة توت الأرض كما هو موضح في دليل الفلاح الموجود في الصفحة 2 من الملف FRAISE.pdf؟,"للإجابة على سؤالك، يجب أن أستعرض الخطوات التي يجب أن يتبعها الفلاح لتحضير حقله لزراعة توت الأرض بناءً على المعلومات المتوفرة في الصفحة 2 من الملف FRAISE.pdf. 

1. **تحضير التربة**: يجب على الفلاح أن يبدأ بتحضير التربة بشكل جيد. هذا يتضمن حرث الأرض وإزالة الأعشاب الضارة وتجهيز التربة بحيث تكون خصبة وجيدة التصريف.

2. **اختيار الشتلات**: يجب اختيار شتلات توت الأرض الجيدة والصحية لضمان نمو جيد وإنتاجية عالية.

3. **الري**: يجب أن يكون الري منتظماً ومناسباً لنوع التربة والمناخ. توت الأرض يحتاج إلى كمية كافية من الماء، ولكن يجب تجنب الري الزائد الذي قد يؤدي إلى تعفن الجذور.

4. **التسميد**: استخدام الأسمدة العضوية أو الكيميائية المناسبة لتحسين خصوبة التربة وتوفير العناصر الغذائية اللازمة لنمو النباتات.

5. **الحماية من الآفات**: يجب مراقبة الحقل بانتظام لحماية النباتات من الآفات والأمراض. يمكن استخدام المبيدات الحشرية والفطرية عند الضرورة.

6. **التقليم**: تقليم النباتات بانتظام لتحفيز النمو الجيد ولضمان تهوية جيدة بين النباتات.

7. **الحصاد**: يجب حصاد توت الأرض في الوقت المناسب عندما تكون الثمار ناضجة ولونها أحمر زاهي.

هذه هي الخطوات الأساسية التي يجب أن يتبعها الفلاح لتحضير حقله لزراعة توت الأرض بناءً على المعلومات المتوفرة في دليل الفلاح.","['دليل الفلاح\nزراعة توت الأرض' 'دليل الفلاح\nزراعة توت الأرض'
 'دليل الفلاح\nزراعة توت الأرض'
 'عرف المغرب زراعة الفراولة أو توت الأرض مند سنة\nفي إحداث مناصب شغل لأبناء المنطقة والرفع من المستوى المعيشي السنة. وتلعب هذه الزراعة دورا اقتصاديا واجتماعيا مهما حيث تساهم للاستثمار الفلاحي للوكوس. ويتجاوز الإنتاج الوطني \nللفلاحين.'
 'عرف المغرب زراعة الفراولة أو توت الأرض مند سنة\nفي إحداث مناصب شغل لأبناء المنطقة والرفع من المستوى المعيشي السنة. وتلعب هذه الزراعة دورا اقتصاديا واجتماعيا مهما حيث تساهم للاستثمار الفلاحي للوكوس. ويتجاوز الإنتاج الوطني \nللفلاحين.']",['أفضل الممارسات لزراعة توت الأرض كما هو موضح في دليل الفلاح الموجود في الصفحة 2 من الملف FRAISE.pdf تشمل اختيار موقع زراعة مشمس وجيد التصريف، وتحضير التربة بإضافة السماد العضوي، وزراعة الشتلات في صفوف متباعدة لضمان التهوية الجيدة، والري بانتظام دون إغراق التربة، ومراقبة الآفات والأمراض ومعالجتها فور ظهورها.']
ما هي التقنيات المحددة لزراعة توت الأرض المذكورة في الصفحة 10 من الكتيب؟,"من أجل تحديد الخطوات التي سيحتاجها الفلاح لتحضير حقله لزراعة توت الأرض، يجب عليه معرفة ومراعاة عدة عوامل من بينها:

1. نوع التربة، جودتها وخصوبتها.
2. التعرض الكافي لأشعة الشمس.
3. الصرف الجيد للمياه.
4. نسبة ميلان الحقل.","['08  المتطلبات الميدانية والمناخية لتوت الأرض \n10  اعة توت الأرض\nتقنيات زر\n17  اض والآفات\nالأمر\n20  عملية جني وتثمين توت الأرضالفهرس'
 '08  المتطلبات الميدانية والمناخية لتوت الأرض \n10  اعة توت الأرض\nتقنيات زر\n17  اض والآفات\nالأمر\n20  عملية جني وتثمين توت الأرضالفهرس'
 '08  المتطلبات الميدانية والمناخية لتوت الأرض \n10  اعة توت الأرض\nتقنيات زر\n17  اض والآفات\nالأمر\n20  عملية جني وتثمين توت الأرضالفهرس'
 '11تقنيات زراعة\nتوت الأرضإعداد الحقل\nمن أجل تحديد الخطوات التي سيحتاجها الفلاح لتحضير حقله يجب عليه معرفة و مراعاة \nعدة عوامل من بينها:\n• نوع التربة، جودتها و خصوبتها ؛\n• التعرض الكافي لأشعة الشمس ؛\n• الصرف الجيد للمياه ؛\n• نسبة ميلان الحقل ؛'
 '11تقنيات زراعة\nتوت الأرضإعداد الحقل\nمن أجل تحديد الخطوات التي سيحتاجها الفلاح لتحضير حقله يجب عليه معرفة و مراعاة \nعدة عوامل من بينها:\n• نوع التربة، جودتها و خصوبتها ؛\n• التعرض الكافي لأشعة الشمس ؛\n• الصرف الجيد للمياه ؛\n• نسبة ميلان الحقل ؛']",['التقنيات المحددة لزراعة توت الأرض المذكورة في الصفحة 10 من الكتيب تشمل إعداد التربة بشكل جيد، واختيار الأصناف المناسبة، واستخدام أنظمة الري الفعالة، والتحكم في الأعشاب الضارة، ومكافحة الآفات والأمراض بشكل دوري. كما يجب مراعاة التوقيت المناسب للزراعة لضمان أفضل إنتاجية.']
ما هي أفضل الممارسات الزراعية الموصى بها لزراعة الفراولة في الظروف المناخية المذكورة في الصفحة 4 من الكتيب؟,لا أستطيع الإجابة على هذا السؤال بناءً على المعلومات المتاحة.,"['عرف المغرب زراعة الفراولة أو توت الأرض مند سنة\nفي إحداث مناصب شغل لأبناء المنطقة والرفع من المستوى المعيشي السنة. وتلعب هذه الزراعة دورا اقتصاديا واجتماعيا مهما حيث تساهم للاستثمار الفلاحي للوكوس. ويتجاوز الإنتاج الوطني \nللفلاحين.'
 'عرف المغرب زراعة الفراولة أو توت الأرض مند سنة\nفي إحداث مناصب شغل لأبناء المنطقة والرفع من المستوى المعيشي السنة. وتلعب هذه الزراعة دورا اقتصاديا واجتماعيا مهما حيث تساهم للاستثمار الفلاحي للوكوس. ويتجاوز الإنتاج الوطني \nللفلاحين.'
 'عرف المغرب زراعة الفراولة أو توت الأرض مند سنة\nفي إحداث مناصب شغل لأبناء المنطقة والرفع من المستوى المعيشي السنة. وتلعب هذه الزراعة دورا اقتصاديا واجتماعيا مهما حيث تساهم للاستثمار الفلاحي للوكوس. ويتجاوز الإنتاج الوطني \nللفلاحين.'
 '16\nزراعة توت الأرض\nالبيوت المغطاة\nتعتبر البيوت المغطاة أساس زراعة توت الأرض في منطقة اللوكوس والغرب لأنها توفر \nحماية جيدة للزراعة خصوصا في فصل الشتاء.\nينصح أن يتم ترك الحقل بدون تغطية لفترة كافية أثناء النمو النباتي حتى تتمكن الشتلة'
 '16\nزراعة توت الأرض\nالبيوت المغطاة\nتعتبر البيوت المغطاة أساس زراعة توت الأرض في منطقة اللوكوس والغرب لأنها توفر \nحماية جيدة للزراعة خصوصا في فصل الشتاء.\nينصح أن يتم ترك الحقل بدون تغطية لفترة كافية أثناء النمو النباتي حتى تتمكن الشتلة']",['للإجابة على هذا السؤال، يجب الرجوع إلى الصفحة 4 من الكتيب المذكور. إذا كانت الصفحة 4 تحتوي على معلومات حول الظروف المناخية المناسبة لزراعة الفراولة، فإن أفضل الممارسات الزراعية قد تشمل اختيار التربة المناسبة، توفير الري الكافي، استخدام الأسمدة العضوية، ومراقبة الآفات والأمراض. يُفضل دائماً الرجوع إلى المصدر المحدد للحصول على التفاصيل الدقيقة.']
كيف ساهمت زراعة الفراولة في منطقة اللوكوس في تحسين المستوى المعيشي وزيادة مناصب الشغل لأبناء المنطقة؟,"زراعة الفراولة في منطقة اللوكوس ساهمت في تحسين المستوى المعيشي وزيادة مناصب الشغل لأبناء المنطقة من خلال النقاط التالية:

1. **إحداث مناصب شغل**: زراعة الفراولة تتطلب يد عاملة كبيرة، مما أدى إلى توفير فرص عمل جديدة لسكان المنطقة.
2. **رفع المستوى المعيشي**: من خلال توفير فرص العمل، تمكن العديد من أبناء المنطقة من تحسين دخلهم ومستوى معيشتهم.
3. **دور اقتصادي واجتماعي**: زراعة الفراولة تلعب دوراً مهماً في الاقتصاد المحلي، مما يساهم في تعزيز الاستقرار الاقتصادي والاجتماعي في المنطقة.
4. **الاستثمار الفلاحي**: زراعة الفراولة تشجع على الاستثمار في القطاع الفلاحي، مما يؤدي إلى تطوير البنية التحتية الزراعية وتحسين الإنتاجية.

بالتالي، زراعة الفراولة في منطقة اللوكوس لها تأثير إيجابي كبير على الاقتصاد المحلي والمستوى المعيشي للسكان.","['عرف المغرب زراعة الفراولة أو توت الأرض مند سنة\nفي إحداث مناصب شغل لأبناء المنطقة والرفع من المستوى المعيشي السنة. وتلعب هذه الزراعة دورا اقتصاديا واجتماعيا مهما حيث تساهم للاستثمار الفلاحي للوكوس. ويتجاوز الإنتاج الوطني \nللفلاحين.'
 'عرف المغرب زراعة الفراولة أو توت الأرض مند سنة\nفي إحداث مناصب شغل لأبناء المنطقة والرفع من المستوى المعيشي السنة. وتلعب هذه الزراعة دورا اقتصاديا واجتماعيا مهما حيث تساهم للاستثمار الفلاحي للوكوس. ويتجاوز الإنتاج الوطني \nللفلاحين.'
 'عرف المغرب زراعة الفراولة أو توت الأرض مند سنة\nفي إحداث مناصب شغل لأبناء المنطقة والرفع من المستوى المعيشي السنة. وتلعب هذه الزراعة دورا اقتصاديا واجتماعيا مهما حيث تساهم للاستثمار الفلاحي للوكوس. ويتجاوز الإنتاج الوطني \nللفلاحين.'
 'تلعب زراعة توت الأرض دورا اقتصاديا واجتماعيا مهما في منطقتي \nاللوكوس والغرب. إلا أنها، تعرف بعض المعيقات المرتبطة أساسا ب :\n• تزايد كلفة الإنتاج بسبب غلاء المدخلات الفلاحية ومختلف عناصر الإنتاج \nالأخرى ؛ \n• المتطلبات المتزايدة لليد العاملة ؛'
 'تلعب زراعة توت الأرض دورا اقتصاديا واجتماعيا مهما في منطقتي \nاللوكوس والغرب. إلا أنها، تعرف بعض المعيقات المرتبطة أساسا ب :\n• تزايد كلفة الإنتاج بسبب غلاء المدخلات الفلاحية ومختلف عناصر الإنتاج \nالأخرى ؛ \n• المتطلبات المتزايدة لليد العاملة ؛']",['ساهمت زراعة الفراولة في منطقة اللوكوس بشكل كبير في تحسين المستوى المعيشي وزيادة مناصب الشغل لأبناء المنطقة. منذ بدء زراعة الفراولة في المغرب، لعبت هذه الزراعة دوراً اقتصادياً واجتماعياً مهماً. فهي تساهم في إحداث مناصب شغل جديدة لأبناء المنطقة، مما يرفع من مستوى معيشتهم. بالإضافة إلى ذلك، تساهم زراعة الفراولة في تعزيز الاستثمار الفلاحي في منطقة اللوكوس، حيث يتجاوز الإنتاج الوطني للفراولة سنوياً، مما يعزز من دخل الفلاحين ويساهم في التنمية الاقتصادية للمنطقة.']
ما هي التقنيات الحديثة التي تم اعتمادها في تأطير الفلاحين في سلا والقنيطرة ضمن مشاريع مخطط المغرب الأخضر؟,لا أستطيع الإجابة على هذا السؤال بناءً على السياق المقدم.,"['بهذه السلسلة وكذا تأطبر الفلاحين من أجل اعتماد التقنيات الحديثة في تأطير الفلاحين ومواكبة مشاريع مخطط المغرب الأخضر الخاصة سلا - القنيطرة. ويلعب المكتب الوطني للاستشارة الفلاحية دورا مهما المخططات الجهوية لكل من جهتي طنجة - تطوان - الحسيمة والرباط -'
 'بهذه السلسلة وكذا تأطبر الفلاحين من أجل اعتماد التقنيات الحديثة في تأطير الفلاحين ومواكبة مشاريع مخطط المغرب الأخضر الخاصة سلا - القنيطرة. ويلعب المكتب الوطني للاستشارة الفلاحية دورا مهما المخططات الجهوية لكل من جهتي طنجة - تطوان - الحسيمة والرباط -'
 'بهذه السلسلة وكذا تأطبر الفلاحين من أجل اعتماد التقنيات الحديثة في تأطير الفلاحين ومواكبة مشاريع مخطط المغرب الأخضر الخاصة سلا - القنيطرة. ويلعب المكتب الوطني للاستشارة الفلاحية دورا مهما المخططات الجهوية لكل من جهتي طنجة - تطوان - الحسيمة والرباط -'
 'الحديثة في تأطير الفلاحين ومواكبة مشاريع مخطط المغرب الأخضر الخاصة سلا - القنيطرة. ويلعب المكتب الوطني للاستشارة الفلاحية دورا مهما المخططات الجهوية لكل من جهتي طنجة - تطوان - الحسيمة والرباط - تعتبر سلسلة الفواكه الحمراء الصغيرة من السلاسل ذات'
 'الحديثة في تأطير الفلاحين ومواكبة مشاريع مخطط المغرب الأخضر الخاصة سلا - القنيطرة. ويلعب المكتب الوطني للاستشارة الفلاحية دورا مهما المخططات الجهوية لكل من جهتي طنجة - تطوان - الحسيمة والرباط - تعتبر سلسلة الفواكه الحمراء الصغيرة من السلاسل ذات']",['تم اعتماد عدة تقنيات حديثة في تأطير الفلاحين في سلا والقنيطرة ضمن مشاريع مخطط المغرب الأخضر. يلعب المكتب الوطني للاستشارة الفلاحية دوراً مهماً في هذا السياق، حيث يقوم بتقديم الدعم والمواكبة للفلاحين من خلال المخططات الجهوية لكل من جهتي طنجة - تطوان - الحسيمة والرباط. تشمل هذه التقنيات الحديثة استخدام أنظمة الري المتطورة، الزراعة الذكية، وتحليل التربة باستخدام التكنولوجيا الحديثة لتحسين الإنتاجية والجودة.']
ما هو الدور الذي يلعبه المكتب الوطني للاستشارة الفلاحية في مواكبة مشاريع مخطط المغرب الأخضر في جهتي طنجة - تطوان - الحسيمة والرباط - سلا - القنيطرة؟,يلعب المكتب الوطني للاستشارة الفلاحية دورًا مهمًا في تأطير الفلاحين ومواكبة مشاريع مخطط المغرب الأخضر في جهتي طنجة - تطوان - الحسيمة والرباط - سلا - القنيطرة. يقوم المكتب بتقديم الاستشارات والدعم للفلاحين لاعتماد التقنيات الحديثة في الزراعة، مما يساهم في تحسين الإنتاجية وتحقيق أهداف المخطط.,"['بهذه السلسلة وكذا تأطبر الفلاحين من أجل اعتماد التقنيات الحديثة في تأطير الفلاحين ومواكبة مشاريع مخطط المغرب الأخضر الخاصة سلا - القنيطرة. ويلعب المكتب الوطني للاستشارة الفلاحية دورا مهما المخططات الجهوية لكل من جهتي طنجة - تطوان - الحسيمة والرباط -'
 'بهذه السلسلة وكذا تأطبر الفلاحين من أجل اعتماد التقنيات الحديثة في تأطير الفلاحين ومواكبة مشاريع مخطط المغرب الأخضر الخاصة سلا - القنيطرة. ويلعب المكتب الوطني للاستشارة الفلاحية دورا مهما المخططات الجهوية لكل من جهتي طنجة - تطوان - الحسيمة والرباط -'
 'بهذه السلسلة وكذا تأطبر الفلاحين من أجل اعتماد التقنيات الحديثة في تأطير الفلاحين ومواكبة مشاريع مخطط المغرب الأخضر الخاصة سلا - القنيطرة. ويلعب المكتب الوطني للاستشارة الفلاحية دورا مهما المخططات الجهوية لكل من جهتي طنجة - تطوان - الحسيمة والرباط -'
 'الحديثة في تأطير الفلاحين ومواكبة مشاريع مخطط المغرب الأخضر الخاصة سلا - القنيطرة. ويلعب المكتب الوطني للاستشارة الفلاحية دورا مهما المخططات الجهوية لكل من جهتي طنجة - تطوان - الحسيمة والرباط - تعتبر سلسلة الفواكه الحمراء الصغيرة من السلاسل ذات'
 'الحديثة في تأطير الفلاحين ومواكبة مشاريع مخطط المغرب الأخضر الخاصة سلا - القنيطرة. ويلعب المكتب الوطني للاستشارة الفلاحية دورا مهما المخططات الجهوية لكل من جهتي طنجة - تطوان - الحسيمة والرباط - تعتبر سلسلة الفواكه الحمراء الصغيرة من السلاسل ذات']",['يلعب المكتب الوطني للاستشارة الفلاحية دوراً مهماً في تأطير الفلاحين ومواكبة مشاريع مخطط المغرب الأخضر في جهتي طنجة - تطوان - الحسيمة والرباط - سلا - القنيطرة. يساهم المكتب في تنفيذ المخططات الجهوية وتقديم الدعم الفني والإرشادي للفلاحين، مما يساعد في تحسين الإنتاجية وتعزيز التنمية الزراعية المستدامة في هذه المناطق.']
ما هي الخطوات التي يتخذها المكتب الوطني للاستشارة الفلاحية لدعم سلسلة الفواكه الحمراء الصغيرة في جهة سلا - القنيطرة؟,"الخطوات التي يتخذها المكتب الوطني للاستشارة الفلاحية لدعم سلسلة الفواكه الحمراء الصغيرة في جهة سلا - القنيطرة تشمل:

1. **تأطير الفلاحين**: يقوم المكتب بتأطير الفلاحين وتوجيههم لاعتماد التقنيات الحديثة في الزراعة.
2. **مواكبة المشاريع**: يواكب المكتب مشاريع مخطط المغرب الأخضر الخاصة بالجهة.
3. **تقديم الاستشارات**: يلعب المكتب دوراً مهماً في تقديم الاستشارات الفلاحية للفلاحين.
4. **تنفيذ المخططات الجهوية**: يساهم المكتب في تنفيذ المخططات الجهوية الخاصة بجهتي طنجة - تطوان - الحسيمة والرباط - سلا - القنيطرة.

هذه الخطوات تهدف إلى تحسين إنتاجية الفواكه الحمراء الصغيرة ودعم الفلاحين في هذه الجهة.","['بهذه السلسلة وكذا تأطبر الفلاحين من أجل اعتماد التقنيات الحديثة في تأطير الفلاحين ومواكبة مشاريع مخطط المغرب الأخضر الخاصة سلا - القنيطرة. ويلعب المكتب الوطني للاستشارة الفلاحية دورا مهما المخططات الجهوية لكل من جهتي طنجة - تطوان - الحسيمة والرباط -'
 'بهذه السلسلة وكذا تأطبر الفلاحين من أجل اعتماد التقنيات الحديثة في تأطير الفلاحين ومواكبة مشاريع مخطط المغرب الأخضر الخاصة سلا - القنيطرة. ويلعب المكتب الوطني للاستشارة الفلاحية دورا مهما المخططات الجهوية لكل من جهتي طنجة - تطوان - الحسيمة والرباط -'
 'بهذه السلسلة وكذا تأطبر الفلاحين من أجل اعتماد التقنيات الحديثة في تأطير الفلاحين ومواكبة مشاريع مخطط المغرب الأخضر الخاصة سلا - القنيطرة. ويلعب المكتب الوطني للاستشارة الفلاحية دورا مهما المخططات الجهوية لكل من جهتي طنجة - تطوان - الحسيمة والرباط -'
 'الحديثة في تأطير الفلاحين ومواكبة مشاريع مخطط المغرب الأخضر الخاصة سلا - القنيطرة. ويلعب المكتب الوطني للاستشارة الفلاحية دورا مهما المخططات الجهوية لكل من جهتي طنجة - تطوان - الحسيمة والرباط - تعتبر سلسلة الفواكه الحمراء الصغيرة من السلاسل ذات'
 'الحديثة في تأطير الفلاحين ومواكبة مشاريع مخطط المغرب الأخضر الخاصة سلا - القنيطرة. ويلعب المكتب الوطني للاستشارة الفلاحية دورا مهما المخططات الجهوية لكل من جهتي طنجة - تطوان - الحسيمة والرباط - تعتبر سلسلة الفواكه الحمراء الصغيرة من السلاسل ذات']",['يتخذ المكتب الوطني للاستشارة الفلاحية عدة خطوات لدعم سلسلة الفواكه الحمراء الصغيرة في جهة سلا - القنيطرة. من بين هذه الخطوات، تنفيذ المخططات الجهوية التي تعتبر سلسلة الفواكه الحمراء الصغيرة من السلاسل ذات الأولوية. كما يولي مخطط المغرب الأخضر أهمية كبيرة لهذه السلسلة، مما يعزز من دعمها وتطويرها في المنطقة.']
كيف يسهم مخطط المغرب الأخضر في دعم سلسلة الفواكه الحمراء الصغيرة في جهتي طنجة - تطوان - الحسيمة والرباط؟,"مخطط المغرب الأخضر يسهم في دعم سلسلة الفواكه الحمراء الصغيرة في جهتي طنجة - تطوان - الحسيمة والرباط من خلال عدة خطوات:

1. **تأطير الفلاحين**: يقوم المكتب الوطني للاستشارة الفلاحية بتقديم الإرشادات والتوجيهات الحديثة للفلاحين لتحسين ممارساتهم الزراعية.
2. **مواكبة المشاريع**: يتم متابعة ودعم المشاريع الزراعية المتعلقة بزراعة الفواكه الحمراء الصغيرة لضمان نجاحها واستدامتها.
3. **تحديد الأولويات**: يعتبر مخطط المغرب الأخضر سلسلة الفواكه الحمراء الصغيرة من السلاسل ذات الأولوية، مما يعني تخصيص موارد وجهود إضافية لدعم هذه السلسلة.
4. **التخطيط الجهوي**: يتم وضع مخططات جهوية خاصة بكل من جهتي طنجة - تطوان - الحسيمة والرباط لضمان تلبية الاحتياجات المحلية وتطوير الزراعة في هذه المناطق.

بهذه الطريقة، يسهم مخطط المغرب الأخضر في تعزيز وتنمية سلسلة الفواكه الحمراء الصغيرة في هذه الجهات.","['المغرب الأخضر الخاصة سلا - القنيطرة. ويلعب المكتب الوطني للاستشارة الفلاحية دورا مهما المخططات الجهوية لكل من جهتي طنجة - تطوان - الحسيمة والرباط - تعتبر سلسلة الفواكه الحمراء الصغيرة من السلاسل ذات الأولوية في وقد أولى مخطط المغرب الأخضر أهمية'
 'المغرب الأخضر الخاصة سلا - القنيطرة. ويلعب المكتب الوطني للاستشارة الفلاحية دورا مهما المخططات الجهوية لكل من جهتي طنجة - تطوان - الحسيمة والرباط - تعتبر سلسلة الفواكه الحمراء الصغيرة من السلاسل ذات الأولوية في وقد أولى مخطط المغرب الأخضر أهمية'
 'المغرب الأخضر الخاصة سلا - القنيطرة. ويلعب المكتب الوطني للاستشارة الفلاحية دورا مهما المخططات الجهوية لكل من جهتي طنجة - تطوان - الحسيمة والرباط - تعتبر سلسلة الفواكه الحمراء الصغيرة من السلاسل ذات الأولوية في وقد أولى مخطط المغرب الأخضر أهمية'
 'الحديثة في تأطير الفلاحين ومواكبة مشاريع مخطط المغرب الأخضر الخاصة سلا - القنيطرة. ويلعب المكتب الوطني للاستشارة الفلاحية دورا مهما المخططات الجهوية لكل من جهتي طنجة - تطوان - الحسيمة والرباط - تعتبر سلسلة الفواكه الحمراء الصغيرة من السلاسل ذات'
 'الحديثة في تأطير الفلاحين ومواكبة مشاريع مخطط المغرب الأخضر الخاصة سلا - القنيطرة. ويلعب المكتب الوطني للاستشارة الفلاحية دورا مهما المخططات الجهوية لكل من جهتي طنجة - تطوان - الحسيمة والرباط - تعتبر سلسلة الفواكه الحمراء الصغيرة من السلاسل ذات']",['يسهم مخطط المغرب الأخضر في دعم سلسلة الفواكه الحمراء الصغيرة في جهتي طنجة - تطوان - الحسيمة والرباط من خلال إعطاء أهمية كبيرة لهذا النوع من الزراعة. يلعب الوطني للاستشارة الفلاحية دوراً مهماً في تنفيذ المخططات الجهوية التي تركز على تطوير هذه السلسلة الزراعية ذات الأولوية. يتم ذلك عبر تقديم الدعم الفني والمالي للمزارعين، وتحسين البنية التحتية الزراعية، وتعزيز البحث والتطوير في هذا المجال.']
